Original Summary,Predicted Summary
start nsui president accused of sexual harassment resigns report end , start will be given to power in mp bjp leader end
start wanted father srk to be as suhana dad daughter end , start i was not for my life ayushmann on simmba end
start minor girl and her rapist thrashed in chhattisgarh village end , start man held for raping woman in delhi boy held end
start can wait for them to make the prime minister omar end , start i am not to be for not good army chief end
start airtel payments bank losses rise over 11 in fy18 report end , start india to invest in india largest fund report end
start union minister slapped at maharashtra event end , start ex minister accused of rape accused of rape end
start russia soyuz successfully at iss with astronauts end , start china launches first ever ever of the world end
start christmas not religious affair for me but special randeep end , start i am not to be for not good cji end
start dad gave permission to bring at home salman end , start i am the most expensive in the world games srk end
start rishabh pant dropped from squad for australia odis shami included end , start kohli 1st indian to slam odi ton in australia cricket end
start lord hanuman was tribal commission chief end , start hc rejects plea against twitter for violating end
those not on assam nrc can vote if name on voter list cec end , start sc rejects plea against cbi chief over rafale deal end
start iran to deploy warships in ocean amid tensions with us end , start india to build us nuclear capable of us end
start no brand startup raises million from softbank end , start apple posts profit of its first ever ever ever end
start cr for tea workers since 2011 wb cm end , start govt to give 000 crore to farmers end
start 3 cong workers held for pm modi picture in mp end , start bjp leader wing leader arrested over attack on pm modi end
start india japan sign key agree to hold 2 2 dialogue end , start pm modi inaugurates india longest oil imports end
start accidental hindus are now revealing their up cm yogi end , start pm modi is not to power in 2019 polls bjp end
start putin will now have russia on cancelled us talks end , start us sanctions will be with us in syria us end
